{
  "<|endoftext|>": 50256,
  "<|startoftranscript|>": 50257,
  "<|en|>": 50258,
  "<|zh|>": 50259,
  "<|de|>": 50260,
  "<|es|>": 50261,
  "<|ru|>": 50262,
  "<|ko|>": 50263,
  "<|fr|>": 50264,
  "<|ja|>": 50265,
  "<|pt|>": 50266,
  "<|tr|>": 50267,
  "<|pl|>": 50268,
  "<|ca|>": 50269,
  "<|nl|>": 50270,
  "<|ar|>": 50271,
  "<|sv|>": 50272,
  "<|it|>": 50273,
  "<|id|>": 50274,
  "<|hi|>": 50275,
  "<|fi|>": 50276,
  "<|vi|>": 50277,
  "<|iw|>": 50278,
  "<|uk|>": 50279,
  "<|el|>": 50280,
  "<|ms|>": 50281,
  "<|cs|>": 50282,
  "<|ro|>": 50283,
  "<|da|>": 50284,
  "<|hu|>": 50285,
  "<|ta|>": 50286,
  "<|no|>": 50287,
  "<|th|>": 50288,
  "<|ur|>": 50289,
  "<|hr|>": 50290,
  "<|bg|>": 50291,
  "<|lt|>": 50292,
  "<|la|>": 50293,
  "<|mi|>": 50294,
  "<|ml|>": 50295,
  "<|cy|>": 50296,
  "<|sk|>": 50297,
  "<|te|>": 50298,
  "<|fa|>": 50299,
  "<|lv|>": 50300,
  "<|bn|>": 50301,
  "<|sr|>": 50302,
  "<|az|>": 50303,
  "<|sl|>": 50304,
  "<|kn|>": 50305,
  "<|et|>": 50306,
  "<|mk|>": 50307,
  "<|br|>": 50308,
  "<|eu|>": 50309,
  "<|is|>": 50310,
  "<|hy|>": 50311,
  "<|ne|>": 50312,
  "<|mn|>": 50313,
  "<|bs|>": 50314,
  "<|kk|>": 50315,
  "<|sq|>": 50316,
  "<|sw|>": 50317,
  "<|gl|>": 50318,
  "<|mr|>": 50319,
  "<|pa|>": 50320,
  "<|si|>": 50321,
  "<|km|>": 50322,
  "<|sn|>": 50323,
  "<|yo|>": 50324,
  "<|so|>": 50325,
  "<|af|>": 50326,
  "<|oc|>": 50327,
  "<|ka|>": 50328,
  "<|be|>": 50329,
  "<|tg|>": 50330,
  "<|sd|>": 50331,
  "<|gu|>": 50332,
  "<|am|>": 50333,
  "<|yi|>": 50334,
  "<|lo|>": 50335,
  "<|uz|>": 50336,
  "<|fo|>": 50337,
  "<|ht|>": 50338,
  "<|ps|>": 50339,
  "<|tk|>": 50340,
  "<|nn|>": 50341,
  "<|mt|>": 50342,
  "<|sa|>": 50343,
  "<|lb|>": 50344,
  "<|my|>": 50345,
  "<|bo|>": 50346,
  "<|tl|>": 50347,
  "<|mg|>": 50348,
  "<|as|>": 50349,
  "<|tt|>": 50350,
  "<|haw|>": 50351,
  "<|ln|>": 50352,
  "<|ha|>": 50353,
  "<|ba|>": 50354,
  "<|jw|>": 50355,
  "<|su|>": 50356,
  "<|translate|>": 50357,
  "<|transcribe|>": 50358,
  "<|startoflm|>": 50359,
  "<|startofprev|>": 50360,
  "<|nocaptions|>": 50361,
  "<|notimestamps|>": 50362,
  "<|0.00|>": 50363,
  "<|0.02|>": 50364,
  "<|0.04|>": 50365,
  "<|0.06|>": 50366,
  "<|0.08|>": 50367,
  "<|0.10|>": 50368,
  "<|0.12|>": 50369,
  "<|0.14|>": 50370,
  "<|0.16|>": 50371,
  "<|0.18|>": 50372,
  "<|0.20|>": 50373,
  "<|0.22|>": 50374,
  "<|0.24|>": 50375,
  "<|0.26|>": 50376,
  "<|0.28|>": 50377,
  "<|0.30|>": 50378,
  "<|0.32|>": 50379,
  "<|0.34|>": 50380,
  "<|0.36|>": 50381,
  "<|0.38|>": 50382,
  "<|0.40|>": 50383,
  "<|0.42|>": 50384,
  "<|0.44|>": 50385,
  "<|0.46|>": 50386,
  "<|0.48|>": 50387,
  "<|0.50|>": 50388,
  "<|0.52|>": 50389,
  "<|0.54|>": 50390,
  "<|0.56|>": 50391,
  "<|0.58|>": 50392,
  "<|0.60|>": 50393,
  "<|0.62|>": 50394,
  "<|0.64|>": 50395,
  "<|0.66|>": 50396,
  "<|0.68|>": 50397,
  "<|0.70|>": 50398,
  "<|0.72|>": 50399,
  "<|0.74|>": 50400,
  "<|0.76|>": 50401,
  "<|0.78|>": 50402,
  "<|0.80|>": 50403,
  "<|0.82|>": 50404,
  "<|0.84|>": 50405,
  "<|0.86|>": 50406,
  "<|0.88|>": 50407,
  "<|0.90|>": 50408,
  "<|0.92|>": 50409,
  "<|0.94|>": 50410,
  "<|0.96|>": 50411,
  "<|0.98|>": 50412,
  "<|1.00|>": 50413,
  "<|1.02|>": 50414,
  "<|1.04|>": 50415,
  "<|1.06|>": 50416,
  "<|1.08|>": 50417,
  "<|1.10|>": 50418,
  "<|1.12|>": 50419,
  "<|1.14|>": 50420,
  "<|1.16|>": 50421,
  "<|1.18|>": 50422,
  "<|1.20|>": 50423,
  "<|1.22|>": 50424,
  "<|1.24|>": 50425,
  "<|1.26|>": 50426,
  "<|1.28|>": 50427,
  "<|1.30|>": 50428,
  "<|1.32|>": 50429,
  "<|1.34|>": 50430,
  "<|1.36|>": 50431,
  "<|1.38|>": 50432,
  "<|1.40|>": 50433,
  "<|1.42|>": 50434,
  "<|1.44|>": 50435,
  "<|1.46|>": 50436,
  "<|1.48|>": 50437,
  "<|1.50|>": 50438,
  "<|1.52|>": 50439,
  "<|1.54|>": 50440,
  "<|1.56|>": 50441,
  "<|1.58|>": 50442,
  "<|1.60|>": 50443,
  "<|1.62|>": 50444,
  "<|1.64|>": 50445,
  "<|1.66|>": 50446,
  "<|1.68|>": 50447,
  "<|1.70|>": 50448,
  "<|1.72|>": 50449,
  "<|1.74|>": 50450,
  "<|1.76|>": 50451,
  "<|1.78|>": 50452,
  "<|1.80|>": 50453,
  "<|1.82|>": 50454,
  "<|1.84|>": 50455,
  "<|1.86|>": 50456,
  "<|1.88|>": 50457,
  "<|1.90|>": 50458,
  "<|1.92|>": 50459,
  "<|1.94|>": 50460,
  "<|1.96|>": 50461,
  "<|1.98|>": 50462,
  "<|2.00|>": 50463,
  "<|2.02|>": 50464,
  "<|2.04|>": 50465,
  "<|2.06|>": 50466,
  "<|2.08|>": 50467,
  "<|2.10|>": 50468,
  "<|2.12|>": 50469,
  "<|2.14|>": 50470,
  "<|2.16|>": 50471,
  "<|2.18|>": 50472,
  "<|2.20|>": 50473,
  "<|2.22|>": 50474,
  "<|2.24|>": 50475,
  "<|2.26|>": 50476,
  "<|2.28|>": 50477,
  "<|2.30|>": 50478,
  "<|2.32|>": 50479,
  "<|2.34|>": 50480,
  "<|2.36|>": 50481,
  "<|2.38|>": 50482,
  "<|2.40|>": 50483,
  "<|2.42|>": 50484,
  "<|2.44|>": 50485,
  "<|2.46|>": 50486,
  "<|2.48|>": 50487,
  "<|2.50|>": 50488,
  "<|2.52|>": 50489,
  "<|2.54|>": 50490,
  "<|2.56|>": 50491,
  "<|2.58|>": 50492,
  "<|2.60|>": 50493,
  "<|2.62|>": 50494,
  "<|2.64|>": 50495,
  "<|2.66|>": 50496,
  "<|2.68|>": 50497,
  "<|2.70|>": 50498,
  "<|2.72|>": 50499,
  "<|2.74|>": 50500,
  "<|2.76|>": 50501,
  "<|2.78|>": 50502,
  "<|2.80|>": 50503,
  "<|2.82|>": 50504,
  "<|2.84|>": 50505,
  "<|2.86|>": 50506,
  "<|2.88|>": 50507,
  "<|2.90|>": 50508,
  "<|2.92|>": 50509,
  "<|2.94|>": 50510,
  "<|2.96|>": 50511,
  "<|2.98|>": 50512,
  "<|3.00|>": 50513,
  "<|3.02|>": 50514,
  "<|3.04|>": 50515,
  "<|3.06|>": 50516,
  "<|3.08|>": 50517,
  "<|3.10|>": 50518,
  "<|3.12|>": 50519,
  "<|3.14|>": 50520,
  "<|3.16|>": 50521,
  "<|3.18|>": 50522,
  "<|3.20|>": 50523,
  "<|3.22|>": 50524,
  "<|3.24|>": 50525,
  "<|3.26|>": 50526,
  "<|3.28|>": 50527,
  "<|3.30|>": 50528,
  "<|3.32|>": 50529,
  "<|3.34|>": 50530,
  "<|3.36|>": 50531,
  "<|3.38|>": 50532,
  "<|3.40|>": 50533,
  "<|3.42|>": 50534,
  "<|3.44|>": 50535,
  "<|3.46|>": 50536,
  "<|3.48|>": 50537,
  "<|3.50|>": 50538,
  "<|3.52|>": 50539,
  "<|3.54|>": 50540,
  "<|3.56|>": 50541,
  "<|3.58|>": 50542,
  "<|3.60|>": 50543,
  "<|3.62|>": 50544,
  "<|3.64|>": 50545,
  "<|3.66|>": 50546,
  "<|3.68|>": 50547,
  "<|3.70|>": 50548,
  "<|3.72|>": 50549,
  "<|3.74|>": 50550,
  "<|3.76|>": 50551,
  "<|3.78|>": 50552,
  "<|3.80|>": 50553,
  "<|3.82|>": 50554,
  "<|3.84|>": 50555,
  "<|3.86|>": 50556,
  "<|3.88|>": 50557,
  "<|3.90|>": 50558,
  "<|3.92|>": 50559,
  "<|3.94|>": 50560,
  "<|3.96|>": 50561,
  "<|3.98|>": 50562,
  "<|4.00|>": 50563,
  "<|4.02|>": 50564,
  "<|4.04|>": 50565,
  "<|4.06|>": 50566,
  "<|4.08|>": 50567,
  "<|4.10|>": 50568,
  "<|4.12|>": 50569,
  "<|4.14|>": 50570,
  "<|4.16|>": 50571,
  "<|4.18|>": 50572,
  "<|4.20|>": 50573,
  "<|4.22|>": 50574,
  "<|4.24|>": 50575,
  "<|4.26|>": 50576,
  "<|4.28|>": 50577,
  "<|4.30|>": 50578,
  "<|4.32|>": 50579,
  "<|4.34|>": 50580,
  "<|4.36|>": 50581,
  "<|4.38|>": 50582,
  "<|4.40|>": 50583,
  "<|4.42|>": 50584,
  "<|4.44|>": 50585,
  "<|4.46|>": 50586,
  "<|4.48|>": 50587,
  "<|4.50|>": 50588,
  "<|4.52|>": 50589,
  "<|4.54|>": 50590,
  "<|4.56|>": 50591,
  "<|4.58|>": 50592,
  "<|4.60|>": 50593,
  "<|4.62|>": 50594,
  "<|4.64|>": 50595,
  "<|4.66|>": 50596,
  "<|4.68|>": 50597,
  "<|4.70|>": 50598,
  "<|4.72|>": 50599,
  "<|4.74|>": 50600,
  "<|4.76|>": 50601,
  "<|4.78|>": 50602,
  "<|4.80|>": 50603,
  "<|4.82|>": 50604,
  "<|4.84|>": 50605,
  "<|4.86|>": 50606,
  "<|4.88|>": 50607,
  "<|4.90|>": 50608,
  "<|4.92|>": 50609,
  "<|4.94|>": 50610,
  "<|4.96|>": 50611,
  "<|4.98|>": 50612,
  "<|5.00|>": 50613,
  "<|5.02|>": 50614,
  "<|5.04|>": 50615,
  "<|5.06|>": 50616,
  "<|5.08|>": 50617,
  "<|5.10|>": 50618,
  "<|5.12|>": 50619,
  "<|5.14|>": 50620,
  "<|5.16|>": 50621,
  "<|5.18|>": 50622,
  "<|5.20|>": 50623,
  "<|5.22|>": 50624,
  "<|5.24|>": 50625,
  "<|5.26|>": 50626,
  "<|5.28|>": 50627,
  "<|5.30|>": 50628,
  "<|5.32|>": 50629,
  "<|5.34|>": 50630,
  "<|5.36|>": 50631,
  "<|5.38|>": 50632,
  "<|5.40|>": 50633,
  "<|5.42|>": 50634,
  "<|5.44|>": 50635,
  "<|5.46|>": 50636,
  "<|5.48|>": 50637,
  "<|5.50|>": 50638,
  "<|5.52|>": 50639,
  "<|5.54|>": 50640,
  "<|5.56|>": 50641,
  "<|5.58|>": 50642,
  "<|5.60|>": 50643,
  "<|5.62|>": 50644,
  "<|5.64|>": 50645,
  "<|5.66|>": 50646,
  "<|5.68|>": 50647,
  "<|5.70|>": 50648,
  "<|5.72|>": 50649,
  "<|5.74|>": 50650,
  "<|5.76|>": 50651,
  "<|5.78|>": 50652,
  "<|5.80|>": 50653,
  "<|5.82|>": 50654,
  "<|5.84|>": 50655,
  "<|5.86|>": 50656,
  "<|5.88|>": 50657,
  "<|5.90|>": 50658,
  "<|5.92|>": 50659,
  "<|5.94|>": 50660,
  "<|5.96|>": 50661,
  "<|5.98|>": 50662,
  "<|6.00|>": 50663,
  "<|6.02|>": 50664,
  "<|6.04|>": 50665,
  "<|6.06|>": 50666,
  "<|6.08|>": 50667,
  "<|6.10|>": 50668,
  "<|6.12|>": 50669,
  "<|6.14|>": 50670,
  "<|6.16|>": 50671,
  "<|6.18|>": 50672,
  "<|6.20|>": 50673,
  "<|6.22|>": 50674,
  "<|6.24|>": 50675,
  "<|6.26|>": 50676,
  "<|6.28|>": 50677,
  "<|6.30|>": 50678,
  "<|6.32|>": 50679,
  "<|6.34|>": 50680,
  "<|6.36|>": 50681,
  "<|6.38|>": 50682,
  "<|6.40|>": 50683,
  "<|6.42|>": 50684,
  "<|6.44|>": 50685,
  "<|6.46|>": 50686,
  "<|6.48|>": 50687,
  "<|6.50|>": 50688,
  "<|6.52|>": 50689,
  "<|6.54|>": 50690,
  "<|6.56|>": 50691,
  "<|6.58|>": 50692,
  "<|6.60|>": 50693,
  "<|6.62|>": 50694,
  "<|6.64|>": 50695,
  "<|6.66|>": 50696,
  "<|6.68|>": 50697,
  "<|6.70|>": 50698,
  "<|6.72|>": 50699,
  "<|6.74|>": 50700,
  "<|6.76|>": 50701,
  "<|6.78|>": 50702,
  "<|6.80|>": 50703,
  "<|6.82|>": 50704,
  "<|6.84|>": 50705,
  "<|6.86|>": 50706,
  "<|6.88|>": 50707,
  "<|6.90|>": 50708,
  "<|6.92|>": 50709,
  "<|6.94|>": 50710,
  "<|6.96|>": 50711,
  "<|6.98|>": 50712,
  "<|7.00|>": 50713,
  "<|7.02|>": 50714,
  "<|7.04|>": 50715,
  "<|7.06|>": 50716,
  "<|7.08|>": 50717,
  "<|7.10|>": 50718,
  "<|7.12|>": 50719,
  "<|7.14|>": 50720,
  "<|7.16|>": 50721,
  "<|7.18|>": 50722,
  "<|7.20|>": 50723,
  "<|7.22|>": 50724,
  "<|7.24|>": 50725,
  "<|7.26|>": 50726,
  "<|7.28|>": 50727,
  "<|7.30|>": 50728,
  "<|7.32|>": 50729,
  "<|7.34|>": 50730,
  "<|7.36|>": 50731,
  "<|7.38|>": 50732,
  "<|7.40|>": 50733,
  "<|7.42|>": 50734,
  "<|7.44|>": 50735,
  "<|7.46|>": 50736,
  "<|7.48|>": 50737,
  "<|7.50|>": 50738,
  "<|7.52|>": 50739,
  "<|7.54|>": 50740,
  "<|7.56|>": 50741,
  "<|7.58|>": 50742,
  "<|7.60|>": 50743,
  "<|7.62|>": 50744,
  "<|7.64|>": 50745,
  "<|7.66|>": 50746,
  "<|7.68|>": 50747,
  "<|7.70|>": 50748,
  "<|7.72|>": 50749,
  "<|7.74|>": 50750,
  "<|7.76|>": 50751,
  "<|7.78|>": 50752,
  "<|7.80|>": 50753,
  "<|7.82|>": 50754,
  "<|7.84|>": 50755,
  "<|7.86|>": 50756,
  "<|7.88|>": 50757,
  "<|7.90|>": 50758,
  "<|7.92|>": 50759,
  "<|7.94|>": 50760,
  "<|7.96|>": 50761,
  "<|7.98|>": 50762,
  "<|8.00|>": 50763,
  "<|8.02|>": 50764,
  "<|8.04|>": 50765,
  "<|8.06|>": 50766,
  "<|8.08|>": 50767,
  "<|8.10|>": 50768,
  "<|8.12|>": 50769,
  "<|8.14|>": 50770,
  "<|8.16|>": 50771,
  "<|8.18|>": 50772,
  "<|8.20|>": 50773,
  "<|8.22|>": 50774,
  "<|8.24|>": 50775,
  "<|8.26|>": 50776,
  "<|8.28|>": 50777,
  "<|8.30|>": 50778,
  "<|8.32|>": 50779,
  "<|8.34|>": 50780,
  "<|8.36|>": 50781,
  "<|8.38|>": 50782,
  "<|8.40|>": 50783,
  "<|8.42|>": 50784,
  "<|8.44|>": 50785,
  "<|8.46|>": 50786,
  "<|8.48|>": 50787,
  "<|8.50|>": 50788,
  "<|8.52|>": 50789,
  "<|8.54|>": 50790,
  "<|8.56|>": 50791,
  "<|8.58|>": 50792,
  "<|8.60|>": 50793,
  "<|8.62|>": 50794,
  "<|8.64|>": 50795,
  "<|8.66|>": 50796,
  "<|8.68|>": 50797,
  "<|8.70|>": 50798,
  "<|8.72|>": 50799,
  "<|8.74|>": 50800,
  "<|8.76|>": 50801,
  "<|8.78|>": 50802,
  "<|8.80|>": 50803,
  "<|8.82|>": 50804,
  "<|8.84|>": 50805,
  "<|8.86|>": 50806,
  "<|8.88|>": 50807,
  "<|8.90|>": 50808,
  "<|8.92|>": 50809,
  "<|8.94|>": 50810,
  "<|8.96|>": 50811,
  "<|8.98|>": 50812,
  "<|9.00|>": 50813,
  "<|9.02|>": 50814,
  "<|9.04|>": 50815,
  "<|9.06|>": 50816,
  "<|9.08|>": 50817,
  "<|9.10|>": 50818,
  "<|9.12|>": 50819,
  "<|9.14|>": 50820,
  "<|9.16|>": 50821,
  "<|9.18|>": 50822,
  "<|9.20|>": 50823,
  "<|9.22|>": 50824,
  "<|9.24|>": 50825,
  "<|9.26|>": 50826,
  "<|9.28|>": 50827,
  "<|9.30|>": 50828,
  "<|9.32|>": 50829,
  "<|9.34|>": 50830,
  "<|9.36|>": 50831,
  "<|9.38|>": 50832,
  "<|9.40|>": 50833,
  "<|9.42|>": 50834,
  "<|9.44|>": 50835,
  "<|9.46|>": 50836,
  "<|9.48|>": 50837,
  "<|9.50|>": 50838,
  "<|9.52|>": 50839,
  "<|9.54|>": 50840,
  "<|9.56|>": 50841,
  "<|9.58|>": 50842,
  "<|9.60|>": 50843,
  "<|9.62|>": 50844,
  "<|9.64|>": 50845,
  "<|9.66|>": 50846,
  "<|9.68|>": 50847,
  "<|9.70|>": 50848,
  "<|9.72|>": 50849,
  "<|9.74|>": 50850,
  "<|9.76|>": 50851,
  "<|9.78|>": 50852,
  "<|9.80|>": 50853,
  "<|9.82|>": 50854,
  "<|9.84|>": 50855,
  "<|9.86|>": 50856,
  "<|9.88|>": 50857,
  "<|9.90|>": 50858,
  "<|9.92|>": 50859,
  "<|9.94|>": 50860,
  "<|9.96|>": 50861,
  "<|9.98|>": 50862,
  "<|10.00|>": 50863,
  "<|10.02|>": 50864,
  "<|10.04|>": 50865,
  "<|10.06|>": 50866,
  "<|10.08|>": 50867,
  "<|10.10|>": 50868,
  "<|10.12|>": 50869,
  "<|10.14|>": 50870,
  "<|10.16|>": 50871,
  "<|10.18|>": 50872,
  "<|10.20|>": 50873,
  "<|10.22|>": 50874,
  "<|10.24|>": 50875,
  "<|10.26|>": 50876,
  "<|10.28|>": 50877,
  "<|10.30|>": 50878,
  "<|10.32|>": 50879,
  "<|10.34|>": 50880,
  "<|10.36|>": 50881,
  "<|10.38|>": 50882,
  "<|10.40|>": 50883,
  "<|10.42|>": 50884,
  "<|10.44|>": 50885,
  "<|10.46|>": 50886,
  "<|10.48|>": 50887,
  "<|10.50|>": 50888,
  "<|10.52|>": 50889,
  "<|10.54|>": 50890,
  "<|10.56|>": 50891,
  "<|10.58|>": 50892,
  "<|10.60|>": 50893,
  "<|10.62|>": 50894,
  "<|10.64|>": 50895,
  "<|10.66|>": 50896,
  "<|10.68|>": 50897,
  "<|10.70|>": 50898,
  "<|10.72|>": 50899,
  "<|10.74|>": 50900,
  "<|10.76|>": 50901,
  "<|10.78|>": 50902,
  "<|10.80|>": 50903,
  "<|10.82|>": 50904,
  "<|10.84|>": 50905,
  "<|10.86|>": 50906,
  "<|10.88|>": 50907,
  "<|10.90|>": 50908,
  "<|10.92|>": 50909,
  "<|10.94|>": 50910,
  "<|10.96|>": 50911,
  "<|10.98|>": 50912,
  "<|11.00|>": 50913,
  "<|11.02|>": 50914,
  "<|11.04|>": 50915,
  "<|11.06|>": 50916,
  "<|11.08|>": 50917,
  "<|11.10|>": 50918,
  "<|11.12|>": 50919,
  "<|11.14|>": 50920,
  "<|11.16|>": 50921,
  "<|11.18|>": 50922,
  "<|11.20|>": 50923,
  "<|11.22|>": 50924,
  "<|11.24|>": 50925,
  "<|11.26|>": 50926,
  "<|11.28|>": 50927,
  "<|11.30|>": 50928,
  "<|11.32|>": 50929,
  "<|11.34|>": 50930,
  "<|11.36|>": 50931,
  "<|11.38|>": 50932,
  "<|11.40|>": 50933,
  "<|11.42|>": 50934,
  "<|11.44|>": 50935,
  "<|11.46|>": 50936,
  "<|11.48|>": 50937,
  "<|11.50|>": 50938,
  "<|11.52|>": 50939,
  "<|11.54|>": 50940,
  "<|11.56|>": 50941,
  "<|11.58|>": 50942,
  "<|11.60|>": 50943,
  "<|11.62|>": 50944,
  "<|11.64|>": 50945,
  "<|11.66|>": 50946,
  "<|11.68|>": 50947,
  "<|11.70|>": 50948,
  "<|11.72|>": 50949,
  "<|11.74|>": 50950,
  "<|11.76|>": 50951,
  "<|11.78|>": 50952,
  "<|11.80|>": 50953,
  "<|11.82|>": 50954,
  "<|11.84|>": 50955,
  "<|11.86|>": 50956,
  "<|11.88|>": 50957,
  "<|11.90|>": 50958,
  "<|11.92|>": 50959,
  "<|11.94|>": 50960,
  "<|11.96|>": 50961,
  "<|11.98|>": 50962,
  "<|12.00|>": 50963,
  "<|12.02|>": 50964,
  "<|12.04|>": 50965,
  "<|12.06|>": 50966,
  "<|12.08|>": 50967,
  "<|12.10|>": 50968,
  "<|12.12|>": 50969,
  "<|12.14|>": 50970,
  "<|12.16|>": 50971,
  "<|12.18|>": 50972,
  "<|12.20|>": 50973,
  "<|12.22|>": 50974,
  "<|12.24|>": 50975,
  "<|12.26|>": 50976,
  "<|12.28|>": 50977,
  "<|12.30|>": 50978,
  "<|12.32|>": 50979,
  "<|12.34|>": 50980,
  "<|12.36|>": 50981,
  "<|12.38|>": 50982,
  "<|12.40|>": 50983,
  "<|12.42|>": 50984,
  "<|12.44|>": 50985,
  "<|12.46|>": 50986,
  "<|12.48|>": 50987,
  "<|12.50|>": 50988,
  "<|12.52|>": 50989,
  "<|12.54|>": 50990,
  "<|12.56|>": 50991,
  "<|12.58|>": 50992,
  "<|12.60|>": 50993,
  "<|12.62|>": 50994,
  "<|12.64|>": 50995,
  "<|12.66|>": 50996,
  "<|12.68|>": 50997,
  "<|12.70|>": 50998,
  "<|12.72|>": 50999,
  "<|12.74|>": 51000,
  "<|12.76|>": 51001,
  "<|12.78|>": 51002,
  "<|12.80|>": 51003,
  "<|12.82|>": 51004,
  "<|12.84|>": 51005,
  "<|12.86|>": 51006,
  "<|12.88|>": 51007,
  "<|12.90|>": 51008,
  "<|12.92|>": 51009,
  "<|12.94|>": 51010,
  "<|12.96|>": 51011,
  "<|12.98|>": 51012,
  "<|13.00|>": 51013,
  "<|13.02|>": 51014,
  "<|13.04|>": 51015,
  "<|13.06|>": 51016,
  "<|13.08|>": 51017,
  "<|13.10|>": 51018,
  "<|13.12|>": 51019,
  "<|13.14|>": 51020,
  "<|13.16|>": 51021,
  "<|13.18|>": 51022,
  "<|13.20|>": 51023,
  "<|13.22|>": 51024,
  "<|13.24|>": 51025,
  "<|13.26|>": 51026,
  "<|13.28|>": 51027,
  "<|13.30|>": 51028,
  "<|13.32|>": 51029,
  "<|13.34|>": 51030,
  "<|13.36|>": 51031,
  "<|13.38|>": 51032,
  "<|13.40|>": 51033,
  "<|13.42|>": 51034,
  "<|13.44|>": 51035,
  "<|13.46|>": 51036,
  "<|13.48|>": 51037,
  "<|13.50|>": 51038,
  "<|13.52|>": 51039,
  "<|13.54|>": 51040,
  "<|13.56|>": 51041,
  "<|13.58|>": 51042,
  "<|13.60|>": 51043,
  "<|13.62|>": 51044,
  "<|13.64|>": 51045,
  "<|13.66|>": 51046,
  "<|13.68|>": 51047,
  "<|13.70|>": 51048,
  "<|13.72|>": 51049,
  "<|13.74|>": 51050,
  "<|13.76|>": 51051,
  "<|13.78|>": 51052,
  "<|13.80|>": 51053,
  "<|13.82|>": 51054,
  "<|13.84|>": 51055,
  "<|13.86|>": 51056,
  "<|13.88|>": 51057,
  "<|13.90|>": 51058,
  "<|13.92|>": 51059,
  "<|13.94|>": 51060,
  "<|13.96|>": 51061,
  "<|13.98|>": 51062,
  "<|14.00|>": 51063,
  "<|14.02|>": 51064,
  "<|14.04|>": 51065,
  "<|14.06|>": 51066,
  "<|14.08|>": 51067,
  "<|14.10|>": 51068,
  "<|14.12|>": 51069,
  "<|14.14|>": 51070,
  "<|14.16|>": 51071,
  "<|14.18|>": 51072,
  "<|14.20|>": 51073,
  "<|14.22|>": 51074,
  "<|14.24|>": 51075,
  "<|14.26|>": 51076,
  "<|14.28|>": 51077,
  "<|14.30|>": 51078,
  "<|14.32|>": 51079,
  "<|14.34|>": 51080,
  "<|14.36|>": 51081,
  "<|14.38|>": 51082,
  "<|14.40|>": 51083,
  "<|14.42|>": 51084,
  "<|14.44|>": 51085,
  "<|14.46|>": 51086,
  "<|14.48|>": 51087,
  "<|14.50|>": 51088,
  "<|14.52|>": 51089,
  "<|14.54|>": 51090,
  "<|14.56|>": 51091,
  "<|14.58|>": 51092,
  "<|14.60|>": 51093,
  "<|14.62|>": 51094,
  "<|14.64|>": 51095,
  "<|14.66|>": 51096,
  "<|14.68|>": 51097,
  "<|14.70|>": 51098,
  "<|14.72|>": 51099,
  "<|14.74|>": 51100,
  "<|14.76|>": 51101,
  "<|14.78|>": 51102,
  "<|14.80|>": 51103,
  "<|14.82|>": 51104,
  "<|14.84|>": 51105,
  "<|14.86|>": 51106,
  "<|14.88|>": 51107,
  "<|14.90|>": 51108,
  "<|14.92|>": 51109,
  "<|14.94|>": 51110,
  "<|14.96|>": 51111,
  "<|14.98|>": 51112,
  "<|15.00|>": 51113,
  "<|15.02|>": 51114,
  "<|15.04|>": 51115,
  "<|15.06|>": 51116,
  "<|15.08|>": 51117,
  "<|15.10|>": 51118,
  "<|15.12|>": 51119,
  "<|15.14|>": 51120,
  "<|15.16|>": 51121,
  "<|15.18|>": 51122,
  "<|15.20|>": 51123,
  "<|15.22|>": 51124,
  "<|15.24|>": 51125,
  "<|15.26|>": 51126,
  "<|15.28|>": 51127,
  "<|15.30|>": 51128,
  "<|15.32|>": 51129,
  "<|15.34|>": 51130,
  "<|15.36|>": 51131,
  "<|15.38|>": 51132,
  "<|15.40|>": 51133,
  "<|15.42|>": 51134,
  "<|15.44|>": 51135,
  "<|15.46|>": 51136,
  "<|15.48|>": 51137,
  "<|15.50|>": 51138,
  "<|15.52|>": 51139,
  "<|15.54|>": 51140,
  "<|15.56|>": 51141,
  "<|15.58|>": 51142,
  "<|15.60|>": 51143,
  "<|15.62|>": 51144,
  "<|15.64|>": 51145,
  "<|15.66|>": 51146,
  "<|15.68|>": 51147,
  "<|15.70|>": 51148,
  "<|15.72|>": 51149,
  "<|15.74|>": 51150,
  "<|15.76|>": 51151,
  "<|15.78|>": 51152,
  "<|15.80|>": 51153,
  "<|15.82|>": 51154,
  "<|15.84|>": 51155,
  "<|15.86|>": 51156,
  "<|15.88|>": 51157,
  "<|15.90|>": 51158,
  "<|15.92|>": 51159,
  "<|15.94|>": 51160,
  "<|15.96|>": 51161,
  "<|15.98|>": 51162,
  "<|16.00|>": 51163,
  "<|16.02|>": 51164,
  "<|16.04|>": 51165,
  "<|16.06|>": 51166,
  "<|16.08|>": 51167,
  "<|16.10|>": 51168,
  "<|16.12|>": 51169,
  "<|16.14|>": 51170,
  "<|16.16|>": 51171,
  "<|16.18|>": 51172,
  "<|16.20|>": 51173,
  "<|16.22|>": 51174,
  "<|16.24|>": 51175,
  "<|16.26|>": 51176,
  "<|16.28|>": 51177,
  "<|16.30|>": 51178,
  "<|16.32|>": 51179,
  "<|16.34|>": 51180,
  "<|16.36|>": 51181,
  "<|16.38|>": 51182,
  "<|16.40|>": 51183,
  "<|16.42|>": 51184,
  "<|16.44|>": 51185,
  "<|16.46|>": 51186,
  "<|16.48|>": 51187,
  "<|16.50|>": 51188,
  "<|16.52|>": 51189,
  "<|16.54|>": 51190,
  "<|16.56|>": 51191,
  "<|16.58|>": 51192,
  "<|16.60|>": 51193,
  "<|16.62|>": 51194,
  "<|16.64|>": 51195,
  "<|16.66|>": 51196,
  "<|16.68|>": 51197,
  "<|16.70|>": 51198,
  "<|16.72|>": 51199,
  "<|16.74|>": 51200,
  "<|16.76|>": 51201,
  "<|16.78|>": 51202,
  "<|16.80|>": 51203,
  "<|16.82|>": 51204,
  "<|16.84|>": 51205,
  "<|16.86|>": 51206,
  "<|16.88|>": 51207,
  "<|16.90|>": 51208,
  "<|16.92|>": 51209,
  "<|16.94|>": 51210,
  "<|16.96|>": 51211,
  "<|16.98|>": 51212,
  "<|17.00|>": 51213,
  "<|17.02|>": 51214,
  "<|17.04|>": 51215,
  "<|17.06|>": 51216,
  "<|17.08|>": 51217,
  "<|17.10|>": 51218,
  "<|17.12|>": 51219,
  "<|17.14|>": 51220,
  "<|17.16|>": 51221,
  "<|17.18|>": 51222,
  "<|17.20|>": 51223,
  "<|17.22|>": 51224,
  "<|17.24|>": 51225,
  "<|17.26|>": 51226,
  "<|17.28|>": 51227,
  "<|17.30|>": 51228,
  "<|17.32|>": 51229,
  "<|17.34|>": 51230,
  "<|17.36|>": 51231,
  "<|17.38|>": 51232,
  "<|17.40|>": 51233,
  "<|17.42|>": 51234,
  "<|17.44|>": 51235,
  "<|17.46|>": 51236,
  "<|17.48|>": 51237,
  "<|17.50|>": 51238,
  "<|17.52|>": 51239,
  "<|17.54|>": 51240,
  "<|17.56|>": 51241,
  "<|17.58|>": 51242,
  "<|17.60|>": 51243,
  "<|17.62|>": 51244,
  "<|17.64|>": 51245,
  "<|17.66|>": 51246,
  "<|17.68|>": 51247,
  "<|17.70|>": 51248,
  "<|17.72|>": 51249,
  "<|17.74|>": 51250,
  "<|17.76|>": 51251,
  "<|17.78|>": 51252,
  "<|17.80|>": 51253,
  "<|17.82|>": 51254,
  "<|17.84|>": 51255,
  "<|17.86|>": 51256,
  "<|17.88|>": 51257,
  "<|17.90|>": 51258,
  "<|17.92|>": 51259,
  "<|17.94|>": 51260,
  "<|17.96|>": 51261,
  "<|17.98|>": 51262,
  "<|18.00|>": 51263,
  "<|18.02|>": 51264,
  "<|18.04|>": 51265,
  "<|18.06|>": 51266,
  "<|18.08|>": 51267,
  "<|18.10|>": 51268,
  "<|18.12|>": 51269,
  "<|18.14|>": 51270,
  "<|18.16|>": 51271,
  "<|18.18|>": 51272,
  "<|18.20|>": 51273,
  "<|18.22|>": 51274,
  "<|18.24|>": 51275,
  "<|18.26|>": 51276,
  "<|18.28|>": 51277,
  "<|18.30|>": 51278,
  "<|18.32|>": 51279,
  "<|18.34|>": 51280,
  "<|18.36|>": 51281,
  "<|18.38|>": 51282,
  "<|18.40|>": 51283,
  "<|18.42|>": 51284,
  "<|18.44|>": 51285,
  "<|18.46|>": 51286,
  "<|18.48|>": 51287,
  "<|18.50|>": 51288,
  "<|18.52|>": 51289,
  "<|18.54|>": 51290,
  "<|18.56|>": 51291,
  "<|18.58|>": 51292,
  "<|18.60|>": 51293,
  "<|18.62|>": 51294,
  "<|18.64|>": 51295,
  "<|18.66|>": 51296,
  "<|18.68|>": 51297,
  "<|18.70|>": 51298,
  "<|18.72|>": 51299,
  "<|18.74|>": 51300,
  "<|18.76|>": 51301,
  "<|18.78|>": 51302,
  "<|18.80|>": 51303,
  "<|18.82|>": 51304,
  "<|18.84|>": 51305,
  "<|18.86|>": 51306,
  "<|18.88|>": 51307,
  "<|18.90|>": 51308,
  "<|18.92|>": 51309,
  "<|18.94|>": 51310,
  "<|18.96|>": 51311,
  "<|18.98|>": 51312,
  "<|19.00|>": 51313,
  "<|19.02|>": 51314,
  "<|19.04|>": 51315,
  "<|19.06|>": 51316,
  "<|19.08|>": 51317,
  "<|19.10|>": 51318,
  "<|19.12|>": 51319,
  "<|19.14|>": 51320,
  "<|19.16|>": 51321,
  "<|19.18|>": 51322,
  "<|19.20|>": 51323,
  "<|19.22|>": 51324,
  "<|19.24|>": 51325,
  "<|19.26|>": 51326,
  "<|19.28|>": 51327,
  "<|19.30|>": 51328,
  "<|19.32|>": 51329,
  "<|19.34|>": 51330,
  "<|19.36|>": 51331,
  "<|19.38|>": 51332,
  "<|19.40|>": 51333,
  "<|19.42|>": 51334,
  "<|19.44|>": 51335,
  "<|19.46|>": 51336,
  "<|19.48|>": 51337,
  "<|19.50|>": 51338,
  "<|19.52|>": 51339,
  "<|19.54|>": 51340,
  "<|19.56|>": 51341,
  "<|19.58|>": 51342,
  "<|19.60|>": 51343,
  "<|19.62|>": 51344,
  "<|19.64|>": 51345,
  "<|19.66|>": 51346,
  "<|19.68|>": 51347,
  "<|19.70|>": 51348,
  "<|19.72|>": 51349,
  "<|19.74|>": 51350,
  "<|19.76|>": 51351,
  "<|19.78|>": 51352,
  "<|19.80|>": 51353,
  "<|19.82|>": 51354,
  "<|19.84|>": 51355,
  "<|19.86|>": 51356,
  "<|19.88|>": 51357,
  "<|19.90|>": 51358,
  "<|19.92|>": 51359,
  "<|19.94|>": 51360,
  "<|19.96|>": 51361,
  "<|19.98|>": 51362,
  "<|20.00|>": 51363,
  "<|20.02|>": 51364,
  "<|20.04|>": 51365,
  "<|20.06|>": 51366,
  "<|20.08|>": 51367,
  "<|20.10|>": 51368,
  "<|20.12|>": 51369,
  "<|20.14|>": 51370,
  "<|20.16|>": 51371,
  "<|20.18|>": 51372,
  "<|20.20|>": 51373,
  "<|20.22|>": 51374,
  "<|20.24|>": 51375,
  "<|20.26|>": 51376,
  "<|20.28|>": 51377,
  "<|20.30|>": 51378,
  "<|20.32|>": 51379,
  "<|20.34|>": 51380,
  "<|20.36|>": 51381,
  "<|20.38|>": 51382,
  "<|20.40|>": 51383,
  "<|20.42|>": 51384,
  "<|20.44|>": 51385,
  "<|20.46|>": 51386,
  "<|20.48|>": 51387,
  "<|20.50|>": 51388,
  "<|20.52|>": 51389,
  "<|20.54|>": 51390,
  "<|20.56|>": 51391,
  "<|20.58|>": 51392,
  "<|20.60|>": 51393,
  "<|20.62|>": 51394,
  "<|20.64|>": 51395,
  "<|20.66|>": 51396,
  "<|20.68|>": 51397,
  "<|20.70|>": 51398,
  "<|20.72|>": 51399,
  "<|20.74|>": 51400,
  "<|20.76|>": 51401,
  "<|20.78|>": 51402,
  "<|20.80|>": 51403,
  "<|20.82|>": 51404,
  "<|20.84|>": 51405,
  "<|20.86|>": 51406,
  "<|20.88|>": 51407,
  "<|20.90|>": 51408,
  "<|20.92|>": 51409,
  "<|20.94|>": 51410,
  "<|20.96|>": 51411,
  "<|20.98|>": 51412,
  "<|21.00|>": 51413,
  "<|21.02|>": 51414,
  "<|21.04|>": 51415,
  "<|21.06|>": 51416,
  "<|21.08|>": 51417,
  "<|21.10|>": 51418,
  "<|21.12|>": 51419,
  "<|21.14|>": 51420,
  "<|21.16|>": 51421,
  "<|21.18|>": 51422,
  "<|21.20|>": 51423,
  "<|21.22|>": 51424,
  "<|21.24|>": 51425,
  "<|21.26|>": 51426,
  "<|21.28|>": 51427,
  "<|21.30|>": 51428,
  "<|21.32|>": 51429,
  "<|21.34|>": 51430,
  "<|21.36|>": 51431,
  "<|21.38|>": 51432,
  "<|21.40|>": 51433,
  "<|21.42|>": 51434,
  "<|21.44|>": 51435,
  "<|21.46|>": 51436,
  "<|21.48|>": 51437,
  "<|21.50|>": 51438,
  "<|21.52|>": 51439,
  "<|21.54|>": 51440,
  "<|21.56|>": 51441,
  "<|21.58|>": 51442,
  "<|21.60|>": 51443,
  "<|21.62|>": 51444,
  "<|21.64|>": 51445,
  "<|21.66|>": 51446,
  "<|21.68|>": 51447,
  "<|21.70|>": 51448,
  "<|21.72|>": 51449,
  "<|21.74|>": 51450,
  "<|21.76|>": 51451,
  "<|21.78|>": 51452,
  "<|21.80|>": 51453,
  "<|21.82|>": 51454,
  "<|21.84|>": 51455,
  "<|21.86|>": 51456,
  "<|21.88|>": 51457,
  "<|21.90|>": 51458,
  "<|21.92|>": 51459,
  "<|21.94|>": 51460,
  "<|21.96|>": 51461,
  "<|21.98|>": 51462,
  "<|22.00|>": 51463,
  "<|22.02|>": 51464,
  "<|22.04|>": 51465,
  "<|22.06|>": 51466,
  "<|22.08|>": 51467,
  "<|22.10|>": 51468,
  "<|22.12|>": 51469,
  "<|22.14|>": 51470,
  "<|22.16|>": 51471,
  "<|22.18|>": 51472,
  "<|22.20|>": 51473,
  "<|22.22|>": 51474,
  "<|22.24|>": 51475,
  "<|22.26|>": 51476,
  "<|22.28|>": 51477,
  "<|22.30|>": 51478,
  "<|22.32|>": 51479,
  "<|22.34|>": 51480,
  "<|22.36|>": 51481,
  "<|22.38|>": 51482,
  "<|22.40|>": 51483,
  "<|22.42|>": 51484,
  "<|22.44|>": 51485,
  "<|22.46|>": 51486,
  "<|22.48|>": 51487,
  "<|22.50|>": 51488,
  "<|22.52|>": 51489,
  "<|22.54|>": 51490,
  "<|22.56|>": 51491,
  "<|22.58|>": 51492,
  "<|22.60|>": 51493,
  "<|22.62|>": 51494,
  "<|22.64|>": 51495,
  "<|22.66|>": 51496,
  "<|22.68|>": 51497,
  "<|22.70|>": 51498,
  "<|22.72|>": 51499,
  "<|22.74|>": 51500,
  "<|22.76|>": 51501,
  "<|22.78|>": 51502,
  "<|22.80|>": 51503,
  "<|22.82|>": 51504,
  "<|22.84|>": 51505,
  "<|22.86|>": 51506,
  "<|22.88|>": 51507,
  "<|22.90|>": 51508,
  "<|22.92|>": 51509,
  "<|22.94|>": 51510,
  "<|22.96|>": 51511,
  "<|22.98|>": 51512,
  "<|23.00|>": 51513,
  "<|23.02|>": 51514,
  "<|23.04|>": 51515,
  "<|23.06|>": 51516,
  "<|23.08|>": 51517,
  "<|23.10|>": 51518,
  "<|23.12|>": 51519,
  "<|23.14|>": 51520,
  "<|23.16|>": 51521,
  "<|23.18|>": 51522,
  "<|23.20|>": 51523,
  "<|23.22|>": 51524,
  "<|23.24|>": 51525,
  "<|23.26|>": 51526,
  "<|23.28|>": 51527,
  "<|23.30|>": 51528,
  "<|23.32|>": 51529,
  "<|23.34|>": 51530,
  "<|23.36|>": 51531,
  "<|23.38|>": 51532,
  "<|23.40|>": 51533,
  "<|23.42|>": 51534,
  "<|23.44|>": 51535,
  "<|23.46|>": 51536,
  "<|23.48|>": 51537,
  "<|23.50|>": 51538,
  "<|23.52|>": 51539,
  "<|23.54|>": 51540,
  "<|23.56|>": 51541,
  "<|23.58|>": 51542,
  "<|23.60|>": 51543,
  "<|23.62|>": 51544,
  "<|23.64|>": 51545,
  "<|23.66|>": 51546,
  "<|23.68|>": 51547,
  "<|23.70|>": 51548,
  "<|23.72|>": 51549,
  "<|23.74|>": 51550,
  "<|23.76|>": 51551,
  "<|23.78|>": 51552,
  "<|23.80|>": 51553,
  "<|23.82|>": 51554,
  "<|23.84|>": 51555,
  "<|23.86|>": 51556,
  "<|23.88|>": 51557,
  "<|23.90|>": 51558,
  "<|23.92|>": 51559,
  "<|23.94|>": 51560,
  "<|23.96|>": 51561,
  "<|23.98|>": 51562,
  "<|24.00|>": 51563,
  "<|24.02|>": 51564,
  "<|24.04|>": 51565,
  "<|24.06|>": 51566,
  "<|24.08|>": 51567,
  "<|24.10|>": 51568,
  "<|24.12|>": 51569,
  "<|24.14|>": 51570,
  "<|24.16|>": 51571,
  "<|24.18|>": 51572,
  "<|24.20|>": 51573,
  "<|24.22|>": 51574,
  "<|24.24|>": 51575,
  "<|24.26|>": 51576,
  "<|24.28|>": 51577,
  "<|24.30|>": 51578,
  "<|24.32|>": 51579,
  "<|24.34|>": 51580,
  "<|24.36|>": 51581,
  "<|24.38|>": 51582,
  "<|24.40|>": 51583,
  "<|24.42|>": 51584,
  "<|24.44|>": 51585,
  "<|24.46|>": 51586,
  "<|24.48|>": 51587,
  "<|24.50|>": 51588,
  "<|24.52|>": 51589,
  "<|24.54|>": 51590,
  "<|24.56|>": 51591,
  "<|24.58|>": 51592,
  "<|24.60|>": 51593,
  "<|24.62|>": 51594,
  "<|24.64|>": 51595,
  "<|24.66|>": 51596,
  "<|24.68|>": 51597,
  "<|24.70|>": 51598,
  "<|24.72|>": 51599,
  "<|24.74|>": 51600,
  "<|24.76|>": 51601,
  "<|24.78|>": 51602,
  "<|24.80|>": 51603,
  "<|24.82|>": 51604,
  "<|24.84|>": 51605,
  "<|24.86|>": 51606,
  "<|24.88|>": 51607,
  "<|24.90|>": 51608,
  "<|24.92|>": 51609,
  "<|24.94|>": 51610,
  "<|24.96|>": 51611,
  "<|24.98|>": 51612,
  "<|25.00|>": 51613,
  "<|25.02|>": 51614,
  "<|25.04|>": 51615,
  "<|25.06|>": 51616,
  "<|25.08|>": 51617,
  "<|25.10|>": 51618,
  "<|25.12|>": 51619,
  "<|25.14|>": 51620,
  "<|25.16|>": 51621,
  "<|25.18|>": 51622,
  "<|25.20|>": 51623,
  "<|25.22|>": 51624,
  "<|25.24|>": 51625,
  "<|25.26|>": 51626,
  "<|25.28|>": 51627,
  "<|25.30|>": 51628,
  "<|25.32|>": 51629,
  "<|25.34|>": 51630,
  "<|25.36|>": 51631,
  "<|25.38|>": 51632,
  "<|25.40|>": 51633,
  "<|25.42|>": 51634,
  "<|25.44|>": 51635,
  "<|25.46|>": 51636,
  "<|25.48|>": 51637,
  "<|25.50|>": 51638,
  "<|25.52|>": 51639,
  "<|25.54|>": 51640,
  "<|25.56|>": 51641,
  "<|25.58|>": 51642,
  "<|25.60|>": 51643,
  "<|25.62|>": 51644,
  "<|25.64|>": 51645,
  "<|25.66|>": 51646,
  "<|25.68|>": 51647,
  "<|25.70|>": 51648,
  "<|25.72|>": 51649,
  "<|25.74|>": 51650,
  "<|25.76|>": 51651,
  "<|25.78|>": 51652,
  "<|25.80|>": 51653,
  "<|25.82|>": 51654,
  "<|25.84|>": 51655,
  "<|25.86|>": 51656,
  "<|25.88|>": 51657,
  "<|25.90|>": 51658,
  "<|25.92|>": 51659,
  "<|25.94|>": 51660,
  "<|25.96|>": 51661,
  "<|25.98|>": 51662,
  "<|26.00|>": 51663,
  "<|26.02|>": 51664,
  "<|26.04|>": 51665,
  "<|26.06|>": 51666,
  "<|26.08|>": 51667,
  "<|26.10|>": 51668,
  "<|26.12|>": 51669,
  "<|26.14|>": 51670,
  "<|26.16|>": 51671,
  "<|26.18|>": 51672,
  "<|26.20|>": 51673,
  "<|26.22|>": 51674,
  "<|26.24|>": 51675,
  "<|26.26|>": 51676,
  "<|26.28|>": 51677,
  "<|26.30|>": 51678,
  "<|26.32|>": 51679,
  "<|26.34|>": 51680,
  "<|26.36|>": 51681,
  "<|26.38|>": 51682,
  "<|26.40|>": 51683,
  "<|26.42|>": 51684,
  "<|26.44|>": 51685,
  "<|26.46|>": 51686,
  "<|26.48|>": 51687,
  "<|26.50|>": 51688,
  "<|26.52|>": 51689,
  "<|26.54|>": 51690,
  "<|26.56|>": 51691,
  "<|26.58|>": 51692,
  "<|26.60|>": 51693,
  "<|26.62|>": 51694,
  "<|26.64|>": 51695,
  "<|26.66|>": 51696,
  "<|26.68|>": 51697,
  "<|26.70|>": 51698,
  "<|26.72|>": 51699,
  "<|26.74|>": 51700,
  "<|26.76|>": 51701,
  "<|26.78|>": 51702,
  "<|26.80|>": 51703,
  "<|26.82|>": 51704,
  "<|26.84|>": 51705,
  "<|26.86|>": 51706,
  "<|26.88|>": 51707,
  "<|26.90|>": 51708,
  "<|26.92|>": 51709,
  "<|26.94|>": 51710,
  "<|26.96|>": 51711,
  "<|26.98|>": 51712,
  "<|27.00|>": 51713,
  "<|27.02|>": 51714,
  "<|27.04|>": 51715,
  "<|27.06|>": 51716,
  "<|27.08|>": 51717,
  "<|27.10|>": 51718,
  "<|27.12|>": 51719,
  "<|27.14|>": 51720,
  "<|27.16|>": 51721,
  "<|27.18|>": 51722,
  "<|27.20|>": 51723,
  "<|27.22|>": 51724,
  "<|27.24|>": 51725,
  "<|27.26|>": 51726,
  "<|27.28|>": 51727,
  "<|27.30|>": 51728,
  "<|27.32|>": 51729,
  "<|27.34|>": 51730,
  "<|27.36|>": 51731,
  "<|27.38|>": 51732,
  "<|27.40|>": 51733,
  "<|27.42|>": 51734,
  "<|27.44|>": 51735,
  "<|27.46|>": 51736,
  "<|27.48|>": 51737,
  "<|27.50|>": 51738,
  "<|27.52|>": 51739,
  "<|27.54|>": 51740,
  "<|27.56|>": 51741,
  "<|27.58|>": 51742,
  "<|27.60|>": 51743,
  "<|27.62|>": 51744,
  "<|27.64|>": 51745,
  "<|27.66|>": 51746,
  "<|27.68|>": 51747,
  "<|27.70|>": 51748,
  "<|27.72|>": 51749,
  "<|27.74|>": 51750,
  "<|27.76|>": 51751,
  "<|27.78|>": 51752,
  "<|27.80|>": 51753,
  "<|27.82|>": 51754,
  "<|27.84|>": 51755,
  "<|27.86|>": 51756,
  "<|27.88|>": 51757,
  "<|27.90|>": 51758,
  "<|27.92|>": 51759,
  "<|27.94|>": 51760,
  "<|27.96|>": 51761,
  "<|27.98|>": 51762,
  "<|28.00|>": 51763,
  "<|28.02|>": 51764,
  "<|28.04|>": 51765,
  "<|28.06|>": 51766,
  "<|28.08|>": 51767,
  "<|28.10|>": 51768,
  "<|28.12|>": 51769,
  "<|28.14|>": 51770,
  "<|28.16|>": 51771,
  "<|28.18|>": 51772,
  "<|28.20|>": 51773,
  "<|28.22|>": 51774,
  "<|28.24|>": 51775,
  "<|28.26|>": 51776,
  "<|28.28|>": 51777,
  "<|28.30|>": 51778,
  "<|28.32|>": 51779,
  "<|28.34|>": 51780,
  "<|28.36|>": 51781,
  "<|28.38|>": 51782,
  "<|28.40|>": 51783,
  "<|28.42|>": 51784,
  "<|28.44|>": 51785,
  "<|28.46|>": 51786,
  "<|28.48|>": 51787,
  "<|28.50|>": 51788,
  "<|28.52|>": 51789,
  "<|28.54|>": 51790,
  "<|28.56|>": 51791,
  "<|28.58|>": 51792,
  "<|28.60|>": 51793,
  "<|28.62|>": 51794,
  "<|28.64|>": 51795,
  "<|28.66|>": 51796,
  "<|28.68|>": 51797,
  "<|28.70|>": 51798,
  "<|28.72|>": 51799,
  "<|28.74|>": 51800,
  "<|28.76|>": 51801,
  "<|28.78|>": 51802,
  "<|28.80|>": 51803,
  "<|28.82|>": 51804,
  "<|28.84|>": 51805,
  "<|28.86|>": 51806,
  "<|28.88|>": 51807,
  "<|28.90|>": 51808,
  "<|28.92|>": 51809,
  "<|28.94|>": 51810,
  "<|28.96|>": 51811,
  "<|28.98|>": 51812,
  "<|29.00|>": 51813,
  "<|29.02|>": 51814,
  "<|29.04|>": 51815,
  "<|29.06|>": 51816,
  "<|29.08|>": 51817,
  "<|29.10|>": 51818,
  "<|29.12|>": 51819,
  "<|29.14|>": 51820,
  "<|29.16|>": 51821,
  "<|29.18|>": 51822,
  "<|29.20|>": 51823,
  "<|29.22|>": 51824,
  "<|29.24|>": 51825,
  "<|29.26|>": 51826,
  "<|29.28|>": 51827,
  "<|29.30|>": 51828,
  "<|29.32|>": 51829,
  "<|29.34|>": 51830,
  "<|29.36|>": 51831,
  "<|29.38|>": 51832,
  "<|29.40|>": 51833,
  "<|29.42|>": 51834,
  "<|29.44|>": 51835,
  "<|29.46|>": 51836,
  "<|29.48|>": 51837,
  "<|29.50|>": 51838,
  "<|29.52|>": 51839,
  "<|29.54|>": 51840,
  "<|29.56|>": 51841,
  "<|29.58|>": 51842,
  "<|29.60|>": 51843,
  "<|29.62|>": 51844,
  "<|29.64|>": 51845,
  "<|29.66|>": 51846,
  "<|29.68|>": 51847,
  "<|29.70|>": 51848,
  "<|29.72|>": 51849,
  "<|29.74|>": 51850,
  "<|29.76|>": 51851,
  "<|29.78|>": 51852,
  "<|29.80|>": 51853,
  "<|29.82|>": 51854,
  "<|29.84|>": 51855,
  "<|29.86|>": 51856,
  "<|29.88|>": 51857,
  "<|29.90|>": 51858,
  "<|29.92|>": 51859,
  "<|29.94|>": 51860,
  "<|29.96|>": 51861,
  "<|29.98|>": 51862,
  "<|30.00|>": 51863
}